{
  "Request [10]" : {
    "transaction" : "Request [10]",
    "sampleCount" : 100,
    "errorCount" : 0,
    "errorPct" : 0.0,
    "meanResTime" : 676.46,
    "medianResTime" : 695.0,
    "minResTime" : 266.0,
    "maxResTime" : 1009.0,
    "pct1ResTime" : 854.5,
    "pct2ResTime" : 947.6499999999992,
    "pct3ResTime" : 1008.7299999999999,
    "throughput" : 12.843565373747753,
    "receivedKBytesPerSec" : 2640.004896609299,
    "sentKBytesPerSec" : 0.0
  },
  "Request [500]" : {
    "transaction" : "Request [500]",
    "sampleCount" : 5000,
    "errorCount" : 1,
    "errorPct" : 0.02,
    "meanResTime" : 114079.80400000018,
    "medianResTime" : 119406.0,
    "minResTime" : 9691.0,
    "maxResTime" : 204661.0,
    "pct1ResTime" : 155865.5,
    "pct2ResTime" : 160931.19999999998,
    "pct3ResTime" : 186368.76,
    "throughput" : 4.292825658047246,
    "receivedKBytesPerSec" : 882.2172695385814,
    "sentKBytesPerSec" : 0.0
  },
  "Request [300]" : {
    "transaction" : "Request [300]",
    "sampleCount" : 3000,
    "errorCount" : 0,
    "errorPct" : 0.0,
    "meanResTime" : 96412.91933333343,
    "medianResTime" : 99820.5,
    "minResTime" : 13785.0,
    "maxResTime" : 119125.0,
    "pct1ResTime" : 110237.3,
    "pct2ResTime" : 111596.75,
    "pct3ResTime" : 114236.88,
    "throughput" : 3.0942093934008765,
    "receivedKBytesPerSec" : 636.0171581646388,
    "sentKBytesPerSec" : 0.0
  },
  "Request [100]" : {
    "transaction" : "Request [100]",
    "sampleCount" : 1000,
    "errorCount" : 0,
    "errorPct" : 0.0,
    "meanResTime" : 20912.51300000002,
    "medianResTime" : 22707.5,
    "minResTime" : 385.0,
    "maxResTime" : 32980.0,
    "pct1ResTime" : 29063.7,
    "pct2ResTime" : 30704.899999999987,
    "pct3ResTime" : 32754.99,
    "throughput" : 4.715023952321678,
    "receivedKBytesPerSec" : 969.1768570121836,
    "sentKBytesPerSec" : 0.0
  },
  "Total" : {
    "transaction" : "Total",
    "sampleCount" : 9100,
    "errorCount" : 1,
    "errorPct" : 0.010989011,
    "meanResTime" : 96771.20186813208,
    "medianResTime" : 101226.0,
    "minResTime" : 266.0,
    "maxResTime" : 204661.0,
    "pct1ResTime" : 148590.30000000002,
    "pct2ResTime" : 157474.05,
    "pct3ResTime" : 180676.69999999995,
    "throughput" : 0.7648987782549196,
    "receivedKBytesPerSec" : 157.20827179558054,
    "sentKBytesPerSec" : 0.0
  }
}