{
  "Request [10]" : {
    "transaction" : "Request [10]",
    "sampleCount" : 100,
    "errorCount" : 0,
    "errorPct" : 0.0,
    "meanResTime" : 238.73999999999995,
    "medianResTime" : 235.0,
    "minResTime" : 228.0,
    "maxResTime" : 484.0,
    "pct1ResTime" : 239.0,
    "pct2ResTime" : 257.24999999999983,
    "pct3ResTime" : 481.8299999999989,
    "throughput" : 4.18322526668061,
    "receivedKBytesPerSec" : 859.8652217109391,
    "sentKBytesPerSec" : 0.0
  },
  "Request [500]" : {
    "transaction" : "Request [500]",
    "sampleCount" : 5000,
    "errorCount" : 0,
    "errorPct" : 0.0,
    "meanResTime" : 244.08819999999977,
    "medianResTime" : 243.0,
    "minResTime" : 235.0,
    "maxResTime" : 980.0,
    "pct1ResTime" : 247.0,
    "pct2ResTime" : 251.0,
    "pct3ResTime" : 264.9899999999998,
    "throughput" : 4.095144959941291,
    "receivedKBytesPerSec" : 841.7602458479324,
    "sentKBytesPerSec" : 0.0
  },
  "Request [600]" : {
    "transaction" : "Request [600]",
    "sampleCount" : 6000,
    "errorCount" : 1,
    "errorPct" : 0.016666668,
    "meanResTime" : 245.24816666666672,
    "medianResTime" : 240.0,
    "minResTime" : 232.0,
    "maxResTime" : 386.0,
    "pct1ResTime" : 260.0,
    "pct2ResTime" : 268.0,
    "pct3ResTime" : 291.0,
    "throughput" : 4.075610730267931,
    "receivedKBytesPerSec" : 837.7449696774562,
    "sentKBytesPerSec" : 0.0
  },
  "Request [200]" : {
    "transaction" : "Request [200]",
    "sampleCount" : 2000,
    "errorCount" : 0,
    "errorPct" : 0.0,
    "meanResTime" : 243.4449999999998,
    "medianResTime" : 242.0,
    "minResTime" : 231.0,
    "maxResTime" : 332.0,
    "pct1ResTime" : 247.0,
    "pct2ResTime" : 251.0,
    "pct3ResTime" : 265.0,
    "throughput" : 4.105907785417047,
    "receivedKBytesPerSec" : 843.9725530329314,
    "sentKBytesPerSec" : 0.0
  },
  "Request [100]" : {
    "transaction" : "Request [100]",
    "sampleCount" : 1000,
    "errorCount" : 0,
    "errorPct" : 0.0,
    "meanResTime" : 240.41400000000007,
    "medianResTime" : 239.0,
    "minResTime" : 232.0,
    "maxResTime" : 297.0,
    "pct1ResTime" : 245.0,
    "pct2ResTime" : 246.0,
    "pct3ResTime" : 256.0,
    "throughput" : 4.15712260601702,
    "receivedKBytesPerSec" : 854.4997994188343,
    "sentKBytesPerSec" : 0.0
  },
  "Total" : {
    "transaction" : "Total",
    "sampleCount" : 14100,
    "errorCount" : 1,
    "errorPct" : 0.0070921984,
    "meanResTime" : 244.19205673758842,
    "medianResTime" : 242.0,
    "minResTime" : 228.0,
    "maxResTime" : 980.0,
    "pct1ResTime" : 253.0,
    "pct2ResTime" : 261.0,
    "pct3ResTime" : 279.0,
    "throughput" : 2.208778091427748,
    "receivedKBytesPerSec" : 454.0160623008575,
    "sentKBytesPerSec" : 0.0
  }
}